﻿<?xml version="1.0" encoding="utf-8"?>
<Setting>
  <DeviceID>430105000000100009</DeviceID>
  <WindInfo>
    <Location>
      <X>0</X>
      <Y>0</Y>
    </Location>
    <Size>
      <Width>320</Width>
      <Height>240</Height>
    </Size>
    <TopFlage>false</TopFlage>
  </WindInfo>
  <MQSInfo>
    <UserName>cshiatmp</UserName>
    <Password>cshiatmp</Password>
    <Url>activemq:failover:(tcp://43.5.18.2:61616?wireFormat.maxInactivityDuration=120000,tcp://43.5.18.3:61616?wireFormat.maxInactivityDuration=120000)?randomize=false</Url>
    <ReceiveTopicTitle>HIATMP.HISENSE.VMS.NEWVMSPUB</ReceiveTopicTitle>
    <SendTopicTitle>HIATMP.HISENSE.VMS.NEWVMSPUBBAK</SendTopicTitle>
  </MQSInfo>
</Setting>